{"cameraMode":{"drawMode":0,"name":"Shaded","section":"Shading Mode"},"sceneLighting":false,"audioPlay":false,"sceneViewState":{"m_AlwaysRefresh":false,"showFog":true,"showSkybox":false,"showFlares":true,"showImageEffects":true,"showParticleSystems":true,"showVisualEffectGraphs":true,"m_FxEnabled":false},"in2DMode":false,"pivot":{"x":25.656600952148439,"y":2.3486857414245607,"z":1.0399999618530274},"rotation":{"x":0.33541619777679446,"y":0.13752473890781403,"z":-0.04957601800560951,"w":0.9306837916374207},"size":2.4595119953155519,"orthographic":true}