{"cameraMode":{"drawMode":0,"name":"Shaded","section":"Shading Mode"},"sceneLighting":false,"audioPlay":false,"sceneViewState":{"m_AlwaysRefresh":false,"showFog":true,"showSkybox":false,"showFlares":true,"showImageEffects":true,"showParticleSystems":true,"showVisualEffectGraphs":true,"m_FxEnabled":false},"in2DMode":false,"pivot":{"x":25.072168350219728,"y":1.3369436264038087,"z":-2.559999942779541},"rotation":{"x":0.21785396337509156,"y":0.5533177852630615,"z":-0.15294940769672395,"w":0.7894158363342285},"size":1.2299696207046509,"orthographic":true}