{"cameraMode":{"drawMode":0,"name":"Shaded","section":"Shading Mode"},"sceneLighting":true,"audioPlay":false,"sceneViewState":{"m_AlwaysRefresh":false,"showFog":true,"showSkybox":true,"showFlares":true,"showImageEffects":true,"showParticleSystems":true,"showVisualEffectGraphs":true,"m_FxEnabled":false},"in2DMode":false,"pivot":{"x":27.02690315246582,"y":0.8144561648368836,"z":12.890375137329102},"rotation":{"x":0.03571536764502525,"y":0.9641767740249634,"z":-0.18687546253204347,"w":0.1853666454553604},"size":9.456786155700684,"orthographic":true}