{"cameraMode":{"drawMode":0,"name":"Shaded","section":"Shading Mode"},"sceneLighting":true,"audioPlay":false,"sceneViewState":{"m_AlwaysRefresh":false,"showFog":true,"showSkybox":true,"showFlares":true,"showImageEffects":true,"showParticleSystems":true,"showVisualEffectGraphs":true,"m_FxEnabled":false},"in2DMode":false,"pivot":{"x":108.4478759765625,"y":-39.51970672607422,"z":110.85664367675781},"rotation":{"x":-0.026306170970201494,"y":-0.08030721545219422,"z":-0.002144974423572421,"w":0.9965347051620483},"size":45.86827850341797,"orthographic":true}