{"cameraMode":{"drawMode":0,"name":"Shaded","section":"Shading Mode"},"sceneLighting":true,"audioPlay":false,"sceneViewState":{"m_AlwaysRefresh":false,"showFog":true,"showSkybox":true,"showFlares":true,"showImageEffects":true,"showParticleSystems":true,"showVisualEffectGraphs":true,"m_FxEnabled":false},"in2DMode":false,"pivot":{"x":25.694339752197267,"y":0.09293770790100098,"z":110.85664367675781},"rotation":{"x":-0.03383572772145271,"y":0.05902810022234917,"z":0.0019294227240607143,"w":0.9977919459342957},"size":76.1398696899414,"orthographic":true}