{"cameraMode":{"drawMode":0,"name":"Shaded","section":"Shading Mode"},"sceneLighting":true,"audioPlay":false,"sceneViewState":{"m_AlwaysRefresh":false,"showFog":true,"showSkybox":true,"showFlares":true,"showImageEffects":true,"showParticleSystems":true,"showVisualEffectGraphs":true,"m_FxEnabled":false},"in2DMode":false,"pivot":{"x":-0.00011682510375976563,"y":0.8656796216964722,"z":-0.04532376676797867},"rotation":{"x":-0.252246618270874,"y":0.3076957166194916,"z":-0.08496212214231491,"w":-0.9135351777076721},"size":2.184570074081421,"orthographic":true}