{"cameraMode":{"drawMode":0,"name":"Shaded","section":"Shading Mode"},"sceneLighting":true,"audioPlay":false,"sceneViewState":{"m_AlwaysRefresh":false,"showFog":true,"showSkybox":true,"showFlares":true,"showImageEffects":true,"showParticleSystems":true,"showVisualEffectGraphs":true,"m_FxEnabled":false},"in2DMode":false,"pivot":{"x":-0.00011682510375976563,"y":0.8656796216964722,"z":-0.04532376676797867},"rotation":{"x":-0.1636478155851364,"y":-0.37476208806037905,"z":0.06738471239805222,"w":-0.9101131558418274},"size":6.752994060516357,"orthographic":true}