{"cameraMode":{"drawMode":0,"name":"Shaded","section":"Shading Mode"},"sceneLighting":true,"audioPlay":false,"sceneViewState":{"m_AlwaysRefresh":false,"showFog":true,"showSkybox":true,"showFlares":true,"showImageEffects":true,"showParticleSystems":true,"showVisualEffectGraphs":true,"m_FxEnabled":false},"in2DMode":false,"pivot":{"x":5.062163352966309,"y":-0.17572486400604249,"z":0.5429835915565491},"rotation":{"x":0.33541619777679446,"y":0.13752473890781403,"z":-0.04957601800560951,"w":0.9306837916374207},"size":2.2580530643463136,"orthographic":true}