{"cameraMode":{"drawMode":0,"name":"Shaded","section":"Shading Mode"},"sceneLighting":true,"audioPlay":false,"sceneViewState":{"m_AlwaysRefresh":false,"showFog":true,"showSkybox":true,"showFlares":true,"showImageEffects":true,"showParticleSystems":true,"showVisualEffectGraphs":true,"m_FxEnabled":false},"in2DMode":false,"pivot":{"x":25.91523551940918,"y":1.1484824419021607,"z":10.090052604675293},"rotation":{"x":0.1411886215209961,"y":0.4876521825790405,"z":-0.08044610172510147,"w":0.8579001426696777},"size":1.1818958520889283,"orthographic":true}