{"cameraMode":{"drawMode":0,"name":"Shaded","section":"Shading Mode"},"sceneLighting":true,"audioPlay":false,"sceneViewState":{"m_AlwaysRefresh":false,"showFog":true,"showSkybox":true,"showFlares":true,"showImageEffects":true,"showParticleSystems":true,"showVisualEffectGraphs":true,"m_FxEnabled":false},"in2DMode":false,"pivot":{"x":-0.4420353174209595,"y":1.2278149127960206,"z":-1.2644329071044922},"rotation":{"x":-0.0068894363939762119,"y":0.9873517751693726,"z":-0.04476729407906532,"w":-0.1519508808851242},"size":3.6073946952819826,"orthographic":false}