{"cameraMode":{"drawMode":0,"name":"Shaded","section":"Shading Mode"},"sceneLighting":true,"audioPlay":false,"sceneViewState":{"m_AlwaysRefresh":false,"showFog":true,"showSkybox":true,"showFlares":true,"showImageEffects":true,"showParticleSystems":true,"showVisualEffectGraphs":true,"m_FxEnabled":false},"in2DMode":false,"pivot":{"x":20.785545349121095,"y":1.0918588638305665,"z":-9.46037483215332},"rotation":{"x":0.042976874858140948,"y":-0.9553970694541931,"z":0.17563822865486146,"w":0.23381474614143372},"size":1.2654742002487183,"orthographic":true}