{"cameraMode":{"drawMode":0,"name":"Shaded","section":"Shading Mode"},"sceneLighting":true,"audioPlay":false,"sceneViewState":{"m_AlwaysRefresh":false,"showFog":true,"showSkybox":true,"showFlares":true,"showImageEffects":true,"showParticleSystems":true,"showVisualEffectGraphs":true,"m_FxEnabled":false},"in2DMode":false,"pivot":{"x":1.1919301748275757,"y":2.1589736938476564,"z":-3.687896490097046},"rotation":{"x":0.010505362413823605,"y":0.9749144315719605,"z":-0.04713449999690056,"w":0.21729424595832826},"size":11.699470520019532,"orthographic":false}