{"cameraMode":{"drawMode":0,"name":"Shaded","section":"Shading Mode"},"sceneLighting":true,"audioPlay":false,"sceneViewState":{"m_AlwaysRefresh":false,"showFog":true,"showSkybox":true,"showFlares":true,"showImageEffects":true,"showParticleSystems":true,"showVisualEffectGraphs":true,"m_FxEnabled":false},"in2DMode":false,"pivot":{"x":25.66040802001953,"y":1.6482950448989869,"z":3.707807779312134},"rotation":{"x":0.049782637506723407,"y":0.9482853412628174,"z":-0.1881905049085617,"w":0.2508286237716675},"size":25.640884399414064,"orthographic":true}