{"cameraMode":{"drawMode":0,"name":"Shaded","section":"Shading Mode"},"sceneLighting":true,"audioPlay":false,"sceneViewState":{"m_AlwaysRefresh":false,"showFog":true,"showSkybox":true,"showFlares":true,"showImageEffects":true,"showParticleSystems":true,"showVisualEffectGraphs":true,"m_FxEnabled":false},"in2DMode":false,"pivot":{"x":43.04999923706055,"y":10.399999618530274,"z":-13.399999618530274},"rotation":{"x":0.012231279164552689,"y":-0.7942693829536438,"z":0.6073312759399414,"w":0.01596701703965664},"size":17.578845977783204,"orthographic":true}