{"cameraMode":{"drawMode":0,"name":"Shaded","section":"Shading Mode"},"sceneLighting":false,"audioPlay":false,"sceneViewState":{"m_AlwaysRefresh":false,"showFog":true,"showSkybox":false,"showFlares":true,"showImageEffects":true,"showParticleSystems":true,"showVisualEffectGraphs":true,"m_FxEnabled":false},"in2DMode":false,"pivot":{"x":0.0017444528639316559,"y":0.12610062956809998,"z":-0.0014400854706764222},"rotation":{"x":0.33541619777679446,"y":0.13752473890781403,"z":-0.04957601800560951,"w":0.9306837916374207},"size":0.20994968712329865,"orthographic":true}