{"cameraMode":{"drawMode":0,"name":"Shaded","section":"Shading Mode"},"sceneLighting":false,"audioPlay":false,"sceneViewState":{"m_AlwaysRefresh":false,"showFog":true,"showSkybox":false,"showFlares":true,"showImageEffects":true,"showParticleSystems":true,"showVisualEffectGraphs":true,"m_FxEnabled":false},"in2DMode":false,"pivot":{"x":12.543255805969239,"y":0.018471837043762208,"z":1.1163053512573243},"rotation":{"x":0.03571536764502525,"y":0.9641767740249634,"z":-0.18687546253204347,"w":0.1853666454553604},"size":13.153242111206055,"orthographic":true}