{"cameraMode":{"drawMode":0,"name":"Shaded","section":"Shading Mode"},"sceneLighting":false,"audioPlay":false,"sceneViewState":{"m_AlwaysRefresh":false,"showFog":true,"showSkybox":false,"showFlares":true,"showImageEffects":true,"showParticleSystems":true,"showVisualEffectGraphs":true,"m_FxEnabled":false},"in2DMode":false,"pivot":{"x":24.999513626098634,"y":0.5140796899795532,"z":3.6241278648376467},"rotation":{"x":0.020103363320231439,"y":-0.9799726605415344,"z":0.14360372722148896,"w":0.13700945675373078},"size":0.4771360158920288,"orthographic":true}