{"cameraMode":{"drawMode":0,"name":"Shaded","section":"Shading Mode"},"sceneLighting":false,"audioPlay":false,"sceneViewState":{"m_AlwaysRefresh":false,"showFog":true,"showSkybox":false,"showFlares":true,"showImageEffects":true,"showParticleSystems":true,"showVisualEffectGraphs":true,"m_FxEnabled":false},"in2DMode":false,"pivot":{"x":25.656600952148439,"y":0.0982356071472168,"z":3.7039999961853029},"rotation":{"x":0.33541619777679446,"y":0.13752473890781403,"z":-0.04957601800560951,"w":0.9306837916374207},"size":1.1356271505355836,"orthographic":true}